key,gamma,delta
"accidental,response0",0.39430461770482345,1.9900649970911906
"accidental,response1",0.36370685766781685,1.8472836380610254
"part,response0",0.7072795074373484,1.629849825503072
"part,response1",0.8661796136880758,3.049752703513716
"vague,response0",0.5399080731209368,2.815611058571609
"vague,response1",0.7237322180075104,2.13230361434142
"color,response0",0.3343004447161221,2.983470204256939
"color,response1",0.582867942809384,1.271246303158346
