"","map","credHi","credLo"
"1",0.11901313731762,0.19816667959094,0.108802072471008
