"","map","credHi","credLo"
"1",0.123887392506362,0.21615526243113,0.0847182928118855
