Property,Category,Prevalence,Probability
are white,Swans,0.8,0.07059999999999998
are white,Swans,0.99,0.35159999999999997
are white,Swans,0.4,0.04361999999999999
are white,Swans,0.9,0.11657999999999998
are white,Swans,0.7,0.05816
are white,Swans,0.3,0.04938000000000001
are white,Swans,0.5,0.045959999999999994
are white,Swans,0.2,0.05589999999999998
are white,Swans,0.1,0.06627999999999999
are white,Swans,0.6,0.047980000000000016
are white,Swans,0,0.09393999999999997
