Property,Category,Prevalence,Probability
are female,Robins,0.5,0.50136
are female,Robins,0.6,0.2526399999999999
are female,Robins,0.4,0.20028000000000004
are female,Robins,0.7,0.026359999999999995
are female,Robins,0.3,0.018980000000000004
are female,Robins,0.8,0.00030000000000000024
are female,Robins,0.2,0.00007999999999999991
