Property,Category,Prevalence,Probability
have wings,Ducks,0.99,0.87782
have wings,Ducks,0.9,0.08866
have wings,Ducks,0.8,0.02026
have wings,Ducks,0.6,0.0032199999999999993
have wings,Ducks,0.7,0.008159999999999994
have wings,Ducks,0.4,0.0005999999999999994
have wings,Ducks,0.5,0.0009999999999999996
have wings,Ducks,0.1,0.00007999999999999991
have wings,Ducks,0.2,0.000039999999999999956
have wings,Ducks,0.3,0.00016000000000000012
