Property,Category,Prevalence,Probability
are white,Sharks,0.9,0.06290000000000001
are white,Sharks,0,0.38667999999999997
are white,Sharks,0.3,0.05499999999999999
are white,Sharks,0.99,0.09500000000000003
are white,Sharks,0.1,0.11589999999999999
are white,Sharks,0.4,0.047559999999999984
are white,Sharks,0.6,0.04094
are white,Sharks,0.2,0.06648
are white,Sharks,0.8,0.048279999999999997
are white,Sharks,0.5,0.04114000000000001
are white,Sharks,0.7,0.04012
