Property,Category,Prevalence,Probability
are red,Cardinals,0,0.06971999999999998
are red,Cardinals,0.99,0.49204
are red,Cardinals,0.4,0.03598
are red,Cardinals,0.2,0.03774000000000001
are red,Cardinals,0.8,0.06231999999999999
are red,Cardinals,0.5,0.03446
are red,Cardinals,0.9,0.10334000000000002
are red,Cardinals,0.7,0.046020000000000005
are red,Cardinals,0.1,0.049139999999999996
are red,Cardinals,0.6,0.03624
are red,Cardinals,0.3,0.032999999999999995
