Property,Category,Prevalence,Probability
are red,Cardinals,0.99,0.49098
are red,Cardinals,0.9,0.11409999999999995
are red,Cardinals,0,0.0515
are red,Cardinals,0.1,0.04431999999999998
are red,Cardinals,0.7,0.04928000000000001
are red,Cardinals,0.8,0.0667
are red,Cardinals,0.6,0.03987999999999998
are red,Cardinals,0.5,0.03795999999999999
are red,Cardinals,0.4,0.037040000000000003
are red,Cardinals,0.2,0.034199999999999994
are red,Cardinals,0.3,0.034039999999999994
