Property,Category,Prevalence,Probability
are male,Lions,0.6,0.23899999999999996
are male,Lions,0.4,0.23749999999999996
are male,Lions,0.5,0.46693999999999997
are male,Lions,0.7,0.02652
are male,Lions,0.3,0.029079999999999988
are male,Lions,0.2,0.0006399999999999999
are male,Lions,0.8,0.00032000000000000024
