Property,Category,Prevalence,Probability
have manes,Sharks,0,0.9694799999999999
have manes,Sharks,0.1,0.027
have manes,Sharks,0.2,0.002239999999999998
have manes,Sharks,0.5,0.000019999999999999978
have manes,Sharks,0.3,0.0012199999999999997
have manes,Sharks,0.4,0.000039999999999999956
