Property,Category,Prevalence,Probability
have pouches,Tigers,0,0.8603800000000001
have pouches,Tigers,0.1,0.09205999999999999
have pouches,Tigers,0.2,0.026339999999999995
have pouches,Tigers,0.3,0.012060000000000005
have pouches,Tigers,0.4,0.004859999999999997
have pouches,Tigers,0.6,0.00118
have pouches,Tigers,0.5,0.00208
have pouches,Tigers,0.8,0.0004399999999999998
have pouches,Tigers,0.7,0.0004999999999999998
have pouches,Tigers,0.9,0.0001000000000000001
