Property,Category,Prevalence,Probability
have manes,Lions,0.1,0.08467999999999998
have manes,Lions,0.99,0.21019999999999997
have manes,Lions,0.6,0.06807999999999999
have manes,Lions,0.2,0.06894000000000002
have manes,Lions,0.4,0.06367999999999999
have manes,Lions,0,0.07510000000000001
have manes,Lions,0.3,0.06584
have manes,Lions,0.5,0.06651999999999998
have manes,Lions,0.8,0.09254000000000001
have manes,Lions,0.7,0.07625999999999997
have manes,Lions,0.9,0.12816
