Property,Category,Prevalence,Probability
lay eggs,Sharks,0,0.60176
lay eggs,Sharks,0.2,0.04868
lay eggs,Sharks,0.6,0.024780000000000003
lay eggs,Sharks,0.7,0.02848
lay eggs,Sharks,0.4,0.030040000000000004
lay eggs,Sharks,0.99,0.04769999999999999
lay eggs,Sharks,0.1,0.09040000000000002
lay eggs,Sharks,0.9,0.03375999999999999
lay eggs,Sharks,0.5,0.028979999999999985
lay eggs,Sharks,0.3,0.036799999999999986
lay eggs,Sharks,0.8,0.028619999999999993
