Property,Category,Prevalence,Probability
eat people,Tigers,0.9,0.09083999999999998
eat people,Tigers,0.8,0.05414000000000001
eat people,Tigers,0.3,0.04625999999999998
eat people,Tigers,0,0.25661999999999996
eat people,Tigers,0.2,0.06006
eat people,Tigers,0.6,0.041179999999999994
eat people,Tigers,0.99,0.22171999999999997
eat people,Tigers,0.4,0.041239999999999985
eat people,Tigers,0.7,0.04754000000000001
eat people,Tigers,0.5,0.045899999999999996
eat people,Tigers,0.1,0.0945
