Property,Category,Prevalence,Probability
lay eggs,Robins,0.99,0.42258
lay eggs,Robins,0.7,0.06119999999999999
lay eggs,Robins,0.9,0.1435
lay eggs,Robins,0.6,0.051479999999999984
lay eggs,Robins,0.8,0.089
lay eggs,Robins,0.2,0.037139999999999986
lay eggs,Robins,0.5,0.041479999999999996
lay eggs,Robins,0.1,0.03756
lay eggs,Robins,0,0.033500000000000016
lay eggs,Robins,0.4,0.044979999999999985
lay eggs,Robins,0.3,0.037579999999999995
