Property,Category,Prevalence,Probability
are female,Robins,0.6,0.30084
are female,Robins,0.4,0.18374000000000001
are female,Robins,0.5,0.44843999999999995
are female,Robins,0.7,0.046299999999999994
are female,Robins,0.3,0.01922
are female,Robins,0.2,0.00016000000000000012
are female,Robins,0.8,0.0012999999999999993
