Property,Category,Prevalence,Probability
have wings,Leopards,0,0.9763200000000001
have wings,Leopards,0.1,0.022219999999999997
have wings,Leopards,0.2,0.0014000000000000006
have wings,Leopards,0.5,0.000059999999999999913
